epoch,train_loss,valid_loss,pascal_voc_metric_by_distance,BBloss,focal_loss,AP-0,AP-1,time
0,0.239563,0.332720,0.763109,0.097384,0.235337,0.712468,0.813749,18:45
1,0.182895,0.305642,0.715805,0.083199,0.222442,0.758807,0.672804,15:11
2,0.173942,0.259339,0.725754,0.070519,0.188820,0.794160,0.657348,13:31
3,0.156223,0.353468,0.683941,0.079613,0.273855,0.765988,0.601895,17:16
4,0.140794,0.210265,0.802019,0.061188,0.149077,0.847231,0.756807,15:04
