epoch,train_loss,valid_loss,pascal_voc_metric_by_distance,BBloss,focal_loss,AP-0,AP-1,AP-2,AP-3,AP-4,time
0,0.241756,0.243346,0.596730,0.049323,0.194024,0.694164,0.701902,0.724351,0.383387,0.479849,04:15
1,0.238255,0.231561,0.641319,0.048405,0.183156,0.687014,0.780654,0.596563,0.570966,0.571397,04:15
2,0.201154,0.207129,0.698336,0.042946,0.164183,0.724426,0.766397,0.645676,0.584132,0.771047,04:09
