epoch,train_loss,valid_loss,pascal_voc_metric_by_distance,BBloss,focal_loss,AP-0,AP-1,AP-2,AP-3,AP-4,time
0,0.465647,0.320682,0.446146,0.078291,0.242391,0.348049,0.435927,0.708600,0.619963,0.118191,43:48
1,0.250014,0.170859,0.676985,0.051400,0.119459,0.839195,0.885058,0.834023,0.621089,0.205562,35:08
2,0.190861,0.135945,0.723443,0.043287,0.092658,0.872354,0.889266,0.850283,0.781356,0.223956,31:36
